country,id,un_region_name,global_index_score_2019,index_to_be_defined,inverse_global_index_2019,mjc_criteria_sdr_mild_version,mjc_criteria_sdr_medium_version,mjc_criteria_sdr_heavy_version,mjc_criteria_sdr_ponderated,mjc_criteria_equality,mjc_criteria_capacity,mjc_criteria_historical_responsability,mjc_criteria_present_responsability,mjc_criteria_ponderated,population_2019,gdp_per_capita_ppp_2017,cum_emissions_per_capita_1994_2017,emissions_per_cap_2017,poverty_ratio_320,undernourishment_prevalence,stunting_prevalence_under_5_yrs,wasting_prevalence_in_children_under_5,maternal_mortality_rate_per_100k_births,neonatal_mortality_rate_1k_births,under_5_mortality_rate_1k_births,life_expec_at_birth_yrs,univ_health_coverage_index,net_primary_enrolment_rate,lower_secondary_completion_rate,literacy_rate_15_24_yrs_both_sexes,ratio_female_to_male_labour_force_rate,population_rate_using_basic_drinking_water_services,population_rate_using_basic_sanitation_services,access_to_electricity_pop_rate,access_to_clean_fuels_and_tech_for_cooking_rate,unemployment_rate,population_using_the_internet
Central African Republic,CAF,Africa,39.07514636,60.92485364,1,0.113001724,0.151676629,0.402167296,0.222281883,0.062921126,4.233666565,0.296495069,0.663333104,1.249695915,4825711,661.2399677,4.997613511,2.196567511,87.65,61.8,40.7,7.4,882,41.5,121.5,53,30.297,68.07992,10.02517,36.35627,79.14707865,54.14386029,25.08699975,13.98511219,0.97,5.765999794,4.339254945
Chad,TCD,Africa,42.78711764,57.21288236,0.9195544,0.347755738,0.45707345,0.896074525,0.566967904,0.206198919,1.583272993,0.53451183,0.301601903,0.693624171,15814345,1768.153411,2.772188901,4.831056866,63.46,39.7,39.9,13,856,34.8,123.2,54.3,39.617,74.20576,17.49178,30.79161,83.62428984,42.53760447,9.548387843,8.830898285,3.13,5.923999786,6.49999812
"Congo, Dem. Rep.",COD,Africa,44.94557815,55.05442185,0.872776384,1.835179996,2.379126528,6.717600258,3.643968927,1.130817103,3.464118906,1.80322085,2.280991442,2.57025277,86727573,808.1332134,0.821733934,0.638781855,90.15,,42.6,8.1,693,28.9,91.1,60.5,43.899,,50.46317,84.98951,97.10981003,41.83799362,19.71368663,17.14737892,4.02,3.697999954,8.619904916
Nigeria,NGA,Africa,46.40579175,53.59420825,0.84113073,4.139634255,5.312949709,12.94767021,7.466751391,2.620293988,0.523160038,0.684519445,0.874070103,2.847375048,200962417,5351.076803,2.16468323,1.666978358,77.03,11.5,43.6,10.8,814,32.9,100.2,55.2,46.437,64.10465,47.04819,66.38354,84.67081272,67.34496767,32.600957,59.3,4.91,7.026000023,27.68098584
Madagascar,MDG,Africa,46.69895507,53.30104493,0.834777314,0.552510037,0.707625019,2.074711681,1.111615579,0.351649785,1.976413061,0.939797324,1.155772859,1.121865879,26969642,1416.439507,1.576688637,1.260676727,92.48,43.1,49.2,15.2,353,18.4,44.2,66.1,41.598,77.72212,36.55799,76.82916,93.64238438,50.6213902,9.69366814,22.9,0.91,1.797000051,9.8
Liberia,LBR,Africa,48.18253993,51.81746007,0.802625159,0.099137018,0.12557425,0.297233188,0.173981485,0.06490313,2.396268694,1.990506051,1.826905924,1.135964824,4977720,1168.261952,0.744417613,0.7975539,73.84,38.8,32.1,5.6,725,25.1,74.7,62.9,51.409,36.75459,37.29983,49.07411,94.04008197,69.90047658,16.88947781,19.8,0.71,2.424999952,7.984479722
Haiti,HTI,LAC,48.43508066,51.56491934,0.797152113,0.222823124,0.281692452,0.430571938,0.311695838,0.146592524,1.693392273,1.220502347,1.011201863,0.816883185,11242856,1653.172504,1.214063837,1.440915013,47.59,45.8,21.9,5.2,359,28.3,71.7,63.5,47.22,,,72.34672,88.04392688,64.17431898,30.54379074,38.69016647,4.34,13.87100029,12.32610358
Sierra Leone,SLE,Africa,49.24040722,50.75959278,0.779699128,0.153796233,0.193189141,0.445063744,0.264016373,0.102785885,2.012537767,1.667448352,1.558500846,0.998078656,7883123,1391.014662,0.888643874,0.934908665,71.27,25.5,37.9,9.4,1360,33.5,110.5,53.1,49.491,98.31896,49.72067,57.02213,97.30421469,58.09139672,14.53588501,20.3,0.99,4.360000134,13.23693043
Niger,NER,Africa,49.44801207,50.55198793,0.775199929,0.450317616,0.564706146,1.634106861,0.883043541,0.302194535,3.023217709,1.172294547,1.210384782,1.349948862,23176691,925.9900583,1.263989299,1.203795658,89.37,14.4,42.2,10.3,553,26,84.5,59.8,46.841,65.44571,18.03124,39.78773,74.43808065,45.83537798,12.93732773,16.21723366,1.91,0.363000005,10.22431156
Afghanistan,AFG,Asia,49.64915597,50.35084403,0.770840752,0.72008556,0.901509082,,0.810797321,0.485158065,1.558384092,1.786947795,1.594576614,1.136275421,37209007,1796.392531,0.829217152,0.913757252,,30.3,40.9,9.5,396,39.2,67.9,62.7,46.014,,54.13986,46.99005,22.51602801,62.98020808,39.22043325,84.13713837,32.44,8.807999611,11.44768809
Mali,MLI,Africa,50.21473318,49.78526682,0.758583599,0.376753116,0.469448068,1.067933599,0.638044928,0.256721311,1.388475077,0.54777199,0.406924518,0.690147392,19689140,2016.218793,2.705081294,3.580654107,69.81,6,30.4,13.5,587,35.4,106,58,46.568,61.20683,29.65912,49.36653,73.79071296,74.26804958,31.26833404,35.06949997,0.96,8.008999825,12.72064096
Benin,BEN,Africa,50.85380076,49.14619924,0.744733768,0.222925583,0.276247981,0.633708814,0.377627459,0.153877769,1.352926934,1.091952986,1.017490187,0.734788437,11801595,2069.194923,1.356988608,1.432009826,70.01,10.4,34,4.5,405,32.7,98.3,61.1,50.6,97.03366,45.8472,52.49247,94.20506966,67.0172867,13.93011225,41.40261459,6.44,2.394999981,14.11901233
Lesotho,LSO,Africa,50.94279332,49.05720668,0.742805127,0.043229071,0.053527391,0.12641505,0.074390504,0.029893654,1.050443658,0.698236905,0.655012929,0.457838183,2292682,2665.035409,2.122156178,2.224468984,72.02,12.8,33.2,2.8,487,37.9,85.9,52.9,52.568,80.89926,43.227,86.6322,79.39419473,71.59287175,43.79110608,29.73330879,35.61,28.48200035,29.78780333
Angola,AGO,Africa,51.32035799,48.67964201,0.73462257,0.59474927,0.733971002,1.014510061,0.781076778,0.414469379,0.462601475,0.350246407,0.458576852,0.515639815,31787566,6051.579368,4.230643725,3.17734299,42.01,23.9,37.6,4.9,477,29.1,81.1,62.6,43.174,77.45058,20.8827,77.43113,94.14080569,41.00586762,39.42942284,40.52060699,48.05,8.543000221,14.33907936
Djibouti,DJI,Africa,51.36236823,48.63763177,0.733712127,0.018426465,0.022731255,0.026635558,0.022597759,0.012852142,,0.757796563,0.714530087,0.25717982,985690,,1.955363529,2.039180675,35.6,19.7,33.5,21.5,229,32.4,61.7,63.8,48.859,57.25676,43.51122,,72.21444666,76.92248362,51.37805815,51.78269196,11.52,5.78399992,55.68140925
Sudan,SDN,Africa,51.36317921,48.63682079,0.733694551,0.794744213,0.980405146,1.614461291,1.129870217,0.554329643,0.626769352,0.52025303,0.568306545,0.71381225,42514094,4466.506755,2.848167481,2.563855647,50.03,25.2,38.2,16.3,311,29.5,63.2,65.1,60.5,60.43303,49.98942,65.80535,33.67329487,58.93144857,34.58610454,38.52844238,41.29,12.71000004,30.87029573
Malawi,MWI,Africa,51.38114315,48.61885685,0.733305238,0.36847942,0.454486904,1.316935062,0.713300462,0.257107296,2.556494925,2.407334333,2.317041268,1.472272621,19718743,1095.042089,0.615522216,0.628843329,88.02,26.3,37.1,2.7,634,22.7,55.4,64.2,52.365,96.25452,20.31704,72.93561,88.09170395,67.19508468,43.52960545,11,2.5,5.931000233,13.78216439
Burundi,BDI,Africa,51.54663075,48.45336925,0.729718802,0.215580967,0.265503386,0.81529806,0.432127471,0.150935828,4.187819825,2.442251634,2.579025561,1.82038043,11575964,668.4789843,0.606721986,0.564963747,93.14,,55.9,5.1,712,22.1,61.2,60.1,45.077,96.63138,40.68347,79.55961,103.6290128,55.93411981,50.46031707,7.588477135,0.85,1.51699996,5.594670768
Togo,TGO,Africa,51.59638299,48.40361701,0.728640574,0.152299752,0.187483401,0.434982033,0.258255062,0.106740022,1.851559277,0.932643306,0.89684357,0.78282445,8186384,1511.952428,1.588782927,1.624648929,70.34,16.2,27.5,6.7,368,25.4,72.9,60.6,53.319,89.96453,46.46893,84.29011,95.2368355,62.81763777,13.94848231,46.92837524,6.71,1.847000003,12.36022497
Papua New Guinea,PNG,Oceania,51.61521377,48.38478623,0.728232475,0.159681842,0.196537234,0.34934367,0.235187582,0.111957351,0.73197418,0.85240265,0.796881994,0.475940359,8586525,3824.546849,1.738342511,1.828446316,53.88,,49.5,14.3,215,23.7,53.4,65.9,46.571,75.75621,63.83446,67.9,97.44735017,36.59633202,18.6041702,22.9321537,13.43,2.680000067,11.20919659
Eswatini,SWZ,Africa,51.6879441,48.3120559,0.726656268,0.026282597,0.032327333,0.064884597,0.041164842,0.018455196,0.355684903,0.584079098,0.733927895,0.268577109,1415414,7870.644839,2.536929959,1.985284871,60.8,20.7,25.5,2,389,17.4,53.9,57.7,54.714,75.74791,55.07566,93.5023,63.60401375,67.62608877,58.02583569,65.79020691,49.7,26.4470005,30.3
Burkina Faso,BFA,Africa,52.40384204,47.59615796,0.711141375,0.37175619,0.454224285,1.076562634,0.634181036,0.264967262,1.650411211,0.861757341,0.845989995,0.850858294,20321560,1696.225477,1.719472167,1.72230872,71.32,21.3,27.3,7.6,371,25.4,81.2,60.3,51.072,76.42373,37.00928,50.0963,77.20965199,53.85759552,22.53208118,19.16471291,8.93,6.227000237,15.87620691
Uganda,UGA,Africa,52.57466298,47.42533702,0.707439354,0.833237331,1.016425615,2.024895582,1.291519509,0.596024622,1.648626929,1.344114792,1.362060486,1.222314675,45711874,1698.061274,1.102411618,1.069743936,59.85,41.4,28.9,3.6,343,20.2,49,62.5,46.88,90.85496,25.58007,83.65888,89.00379312,38.92146587,19.15095459,26.7,0.77,2.191999912,23.70653091
Zambia,ZMB,Africa,52.61508405,47.38491595,0.706563351,0.330326694,0.40279378,0.959806665,0.564309046,0.236488193,0.763760675,0.53342093,0.642996626,0.538191673,18137369,3665.375337,2.777858311,2.266039799,71.56,44.5,40,6.3,224,22.2,60,62.3,54.037,84.06456,53.35383,88.71456,88.14547788,61.22530759,31.11180988,27.21933746,16.43,7.796999931,27.8525791
Guinea,GIN,Africa,52.81496329,47.18503671,0.702231581,0.242984949,0.295721925,0.521723715,0.353476863,0.174695204,1.37067429,0.773260217,0.709887194,0.660105016,13398180,2042.403191,1.916260179,2.052517581,52.88,19.7,32.4,8.1,679,24.1,85.7,59.8,35.821,76.76458,36.45162,46.29505,96.42217866,67.37254732,21.95227203,33.5,1.24,4.468999863,11.40002077
Comoros,COM,Africa,52.98090125,47.01909875,0.698635385,0.015377552,0.018684934,0.023708144,0.019256876,0.011094783,1.119560324,1.793185218,1.738882853,0.728986505,850910,2500.507998,0.8263328,0.837926455,37.97,,32.1,11.1,335,31.7,69,63.9,47.359,79.83747,48.31392,71.58127,71.86927902,83.70118759,34.16603722,77.84421539,9.34,4.331999779,8.478170295
Mozambique,MOZ,Africa,53.0335569,46.9664431,0.697494235,0.566981124,0.688572453,1.800761393,1.018771656,0.409531052,2.46346763,1.025079724,1.087040672,1.236957634,31408823,1136.393882,1.445514654,1.340387699,78.22,30.5,43.1,6.1,489,26.9,72.4,60.1,45.86,87.53715,22.54705,70.5251,110.2841712,47.25874511,23.56073218,24.19833946,3.69,24.91300011,20.7740003
Ethiopia,ETH,Africa,53.24991422,46.75008578,0.692805353,1.978971498,2.398261052,4.369668608,2.91563372,1.43602842,1.61825911,1.211387858,1.243982804,1.799401645,110135635,1729.926639,1.223198461,1.171283028,54.38,21.4,38.4,9.9,353,28.9,58.5,65.5,44.213,85.43871,29.60582,54.98298,88.1449103,39.12426158,7.07891807,42.9,3.51,5.308000088,18.61805145
Mauritania,MRT,Africa,53.32943929,46.67056071,0.691081891,0.083611357,0.101246463,0.058766808,0.081208209,0.060775447,0.778142124,0.622221826,0.623078428,0.385693977,4661149,3597.632689,2.381413991,2.338479203,17.31,11.3,27.9,14.8,602,33.8,79,63.9,56.078,75.7346,34.9772,56.12243,45.88332481,69.60767873,44.62062434,41.65210724,46.56,9.902999878,20.80096366
"Yemen, Rep.",YEM,Asia,53.70207319,46.29792681,0.683006193,0.526367147,0.635009124,,0.580688136,0.385685347,1.181684294,0.923718681,0.997678113,0.777189043,29579986,2369.05031,1.604133155,1.460446939,,34.4,46.5,16.3,385,27,55.4,65.3,56.242,83.08869,52.54585,77,8.353656568,70.35886323,59.68267989,71.64234924,64.93,14.16699982,26.71835477
Equatorial Guinea,GNQ,Africa,53.78248372,46.21751628,0.681263542,0.235604545,0.284001283,0.907478917,0.475694915,0.172935028,1.783228438,0.218656387,0.333768586,0.677017717,1360104,22213.74306,12.40423843,9.558092616,,,26.2,3.1,342,30.9,89.6,59.5,52.236,43.34419,24.04622,98.2,90.26406556,49.59008488,74.53794939,67.88928986,34.39,7.576000214,26.23999996
Eritrea,ERI,Africa,53.78248372,46.21751628,0.681263542,0.277757811,0.334813468,0.867511651,0.493360977,0.203875757,,0.587251959,0.810774944,0.465392584,5309659,,2.11055292,1.259967919,,,50.3,15.3,501,17.8,43.1,65,40.38,37.35275,30.6438,86.97491,86.38809931,19.29033047,11.25752675,46.68046188,16.32,6.278999805,1.30890698
Guinea-Bissau,GNB,Africa,53.78248372,46.21751628,0.681263542,0.034705544,0.041834588,0.110832555,0.062457562,0.02547406,1.807651553,0.954564808,1.013054702,0.719848232,1953723,1548.677641,1.552296659,1.438279633,78.65,26,27.6,6,549,37.3,84.2,59.8,44.983,70.89002,36.07885,60.40235,84.14451425,69.19660863,21.46600375,14.65579033,1.52,6.059000015,3.930509152
Seychelles,SYC,Africa,53.78248372,46.21751628,0.681263542,0.024160615,0.029123571,0,0.017761395,0.017734024,0.126024216,0.119456569,0.152442125,0.074367245,95702,26656.95252,6.721854241,5.726108127,,1.17,7.9,4.3,,8.6,14.2,73.3,68.969,95.50624,125.22124,98.97134,,96.2508915,100,100,90.36,,58.76981124
Somalia,SOM,Africa,53.78248372,46.21751628,0.681263542,0.001700031,0.002049243,0,0.001249758,0.001247832,0.105018364,0.220440329,0.254458336,0.086241322,15636171,,2.52322319,1.797115163,76.92,,25.3,15,732,38.5,127.2,55.4,25.778,,,,25.09381913,40.00243322,16.19141579,29.89031792,2.34,5.929999828,2.004048698
South Sudan,SSD,Africa,53.78248372,46.21751628,0.681263542,0.094319719,0.113694417,,0.104007068,0.069231191,,0.702075626,1.156423051,0.367464626,13263184,1569.888346,6.776695524,4.365467598,94.86,,31.1,22.7,789,39.6,96.4,58.6,30.682,32.11981,16.8596,36.70228,95.98906131,50.41121109,10.35011306,8.947628021,0.64,11.49699974,7.977428907
"Congo, Rep.",COG,Africa,54.21752079,45.78247921,0.671835447,0.097523782,0.117031355,0.309463387,0.174672841,0.072263191,0.564683541,0.432156619,0.616434434,0.333978775,5542197,4957.59012,3.428774883,2.363683572,78.15,37.5,21.2,8.2,442,19.4,47.5,64.3,48.458,85.84186,49.66473,80.91395,93.71120166,68.34045687,15.00932852,56.56616974,24.13,11.25699997,8.65
"Gambia, The",GMB,Africa,55.00110935,44.99889065,0.654853566,0.03853549,0.045859716,0.051588106,0.045327771,0.029051261,1.812669312,1.302580432,1.253447848,0.791265621,2228075,1544.390653,1.137563352,1.162438428,32.97,9.6,25,11.1,706,27.6,63.6,61.9,51.322,78.55461,63.21123,60.7779,75.82104476,80.05859802,41.69376093,47.75708771,3.3,9.454999924,19.83645444
Pakistan,PAK,Asia,55.56603409,44.43396591,0.642610554,3.494157054,4.132408923,3.134064258,3.586876745,2.667677046,0.556034169,0.744889464,0.653746628,1.877476501,204596442,5034.707756,1.989245162,2.228777761,22.09,20.5,45,10.5,178,44.2,74.9,66.5,51.565,76.45031,53.33974,72.7954,30.39921582,88.54555632,58.25140423,99.14743805,43.32,4.197000027,15.51
Cote d'Ivoire,CIV,Africa,55.70177717,44.29822283,0.639668739,0.434695163,0.513312363,0.772558035,0.573521854,0.332892808,0.780767381,1.25684802,1.219679222,0.731361416,25531083,3585.53599,1.178955402,1.194622257,43.77,20.7,21.6,6,645,33.5,88.8,54.6,50.32,85.95877,47.09679,53.02069,72.92751682,73.05741557,29.93183806,64.3,18.23,2.601000071,43.83992085
Tanzania,TZA,Africa,55.8206854,44.1793146,0.637091768,1.034337336,1.219756984,3.065457677,1.773183999,0.794235209,1.043291971,0.880748169,0.945201921,1.130921556,60913557,2683.304024,1.682396643,1.54152876,72.99,32,34.4,4.5,398,21.1,54,63.9,50.168,79.86929,29.01677,85.75514,90.74656101,50.14528001,23.53406597,32.8,2.16,2.259000063,15.99999943
Cameroon,CMR,Africa,56.02118883,43.97881117,0.63274647,0.427874349,0.503420144,0.678606866,0.536633787,0.330049192,0.827398248,0.608614033,0.847872344,0.605581104,25312993,3383.460806,2.434659211,1.718485048,39.06,7.3,31.7,5.2,596,25.5,84,58.1,53.01,95.20049,48.52319,80.57444,87.80403677,65.27996628,38.83498513,60.07476807,23.04,4.230000019,23.20297197
Rwanda,RWA,Africa,56.02193655,43.97806345,0.632730266,0.216264731,0.254446394,0.653762734,0.37482462,0.166822839,1.507188384,2.43477417,2.371777872,1.113027966,12794412,1857.411835,0.608585297,0.614330694,74.45,36.1,37.9,2.2,290,16.4,37.9,68,50.135,93.93462,36.90163,85.06624,99.82358763,56.71010797,62.34782504,29.37,0.57,1.360000014,21.76763262
Kenya,KEN,Africa,57.02821664,42.97178336,0.610922229,0.862394918,1.00262108,1.971793702,1.278936567,0.680814378,0.935466418,1.017141882,1.064054149,0.983953845,52214791,2992.592241,1.456795545,1.369343794,56.31,24.2,26,4,510,20.9,45.6,66.7,53.341,81.82745,81.07376,86.52563,91.09180525,58.45677672,29.84467981,56,13.42,11.42800045,17.82710021
Senegal,SEN,Africa,57.30125573,42.69874427,0.605004943,0.27478937,0.318399107,0.629510197,0.407566225,0.218318598,0.890789744,0.871891497,0.941959046,0.605899959,16743859,3142.68273,1.699486424,1.546835768,56.42,11.3,17,7.2,315,20.5,45.4,66.8,52.586,74.11337,36.88466,69.47841,65.655769,75.18863166,48.35813633,64.5,31.65,4.842999935,29.64312367
Syrian Arab Republic,SYR,Asia,58.12741644,41.87258356,0.587100442,0.297722411,0.341367577,,0.319544994,0.241205761,,0.356713548,0.444791116,0.32048676,18499181,,4.153943051,3.275820697,,,27.5,11.5,68,8.7,17,63.8,69.923,63.24472,50.49338,92.45381,16.6504035,96.74485039,92.94715294,100,99.02,14.875,34.25340193
Guatemala,GTM,LAC,59.64725881,40.35274119,0.554162517,0.272626373,0.306168188,0.235232086,0.271342215,0.229192674,0.377093902,0.790621625,0.748885941,0.411845644,17577842,7423.799552,1.874180664,1.945631324,21.25,15.8,46.5,0.7,88,12.9,27.6,73.2,61.83,85.59282,62.63609,94.35425,47.79167164,93.59769747,67.36292035,91.77922821,45.23,2.667000055,40.70304908
Zimbabwe,ZWE,Africa,59.67352401,40.32647599,0.5535933,0.268103666,0.300975676,0,0.189693114,0.225537306,1.265525812,0.519313268,0.992260548,0.609135785,17297495,2212.099917,2.853321598,1.468420716,,46.6,26.8,3.2,443,22.4,50.3,61.4,50.206,84.7939,64.55923,90.42812,88.31586404,66.56310131,38.58861882,38.14513779,29.05,4.985000134,27.05548769
Botswana,BWA,Africa,59.76542698,40.23457302,0.551601585,0.036721948,0.04116991,0.048534042,0.042141967,0.030962229,0.180915312,0.171743118,0.182104079,0.107735777,2374636,15473.92262,8.627814471,8.001226293,32.55,28.5,31.4,7.2,129,25.4,37.6,66.1,66.583,89.04661,94.13168,97.7,83.93352545,79.17398525,59.95590634,60.68839645,64.08,17.61800003,41.41379464
Namibia,NAM,Africa,59.86720465,40.13279535,0.549395866,0.040753117,0.045622061,0.052852496,0.046409225,0.034448263,0.294142726,0.244861756,0.260103782,0.156870746,2641996,9517.384912,6.051446276,5.601825287,31.94,25.4,23.1,7.1,265,17.5,44.2,63.7,61.559,97.02682,69.7606,94.41944,89.9499782,78.7872086,33.83676724,51.78242493,42.2,23.28499985,36.83740647
Vanuatu,VUT,Oceania,59.87424864,40.12575136,0.549243209,0.004441918,0.004972104,0.006244065,0.005219362,0.003755375,0.958096181,0.549568894,0.561038613,0.380593668,288017,2921.908676,2.696236595,2.597068923,34.62,7.1,28.5,4.4,78,11.6,26.9,72,46.785,85.81599,52.8757,95.3,77.24140943,90.50425522,53.46828554,57.82,12.57,5.190000057,25.71978784
Kiribati,KIR,Oceania,60.5201015,39.4798985,0.535246328,0.00963946,0.010687065,0.020939979,0.013755501,0.008282903,1.269069348,2.101052858,2.00781045,0.836384852,120428,1986.072377,0.834120454,1.145912911,,3.1,,,90,23,54.6,66.1,43.728,95.14313,93.00531,,,64.39232856,39.77286044,84.93627167,5.52,,14.58181818
Marshall Islands,MHL,Oceania,60.5201015,39.4798985,0.535246328,0.003018281,0.003346305,0.000616449,0.002327012,0.00259352,0.463796425,0.676936934,0.549945998,0.270539606,53211,3860.188679,2.870811926,4.209655898,,,,,,15.7,34,,49.315,77.0831,133.7799,98.45878,,78.161344,86.89305434,93.13804626,65.35,,38.70116262
"Micronesia, Fed. Sts.",FSM,Oceania,60.5201015,39.4798985,0.535246328,0.001669782,0.001851252,0.00032544,0.001282158,0.001434795,0.515972224,0.681977442,0.633738709,0.294136813,536579,3363.793816,1.878651685,0.482687545,,,,,100,16.5,32.2,69.6,55.127,84.00917,,,,88.3524592,56.265166,75.43517303,11.97,,35.30405287
Nauru,NRU,Oceania,60.5201015,39.4798985,0.535246328,0.008142148,0.009027027,,0.008584587,0.006996307,0.832235772,0.788740017,3.018631745,0.687875637,11260,12895.63451,3.700580851,5.088809947,,,24,1,,20.5,33,,,84.19183,77.04082,,,100,65.59552643,99.20280457,91.33,,57
Palau,PLW,Oceania,60.5201015,39.4798985,0.535246328,0.001827396,0.002025996,,0.001926696,0.001570228,1.409550616,1.776443384,1.271524155,0.734257827,22206,13501.42383,14.04748753,14.50058543,,1.17,2.58,0.7,,7.9,15.3,,,99.05886,105.21739,98.66444,,99.57514402,100,99.28935242,86.9,,26.97033263
Samoa,WSM,Oceania,60.5201015,39.4798985,0.535246328,0.000807433,0.000895184,,0.000851309,0.000693804,0.725215728,0.516149368,0.346122339,0.289474174,198909,6035.987752,2.188930293,2.649452765,5.03,3.1,4.7,3.7,51,8.6,16.5,75.1,59.87,94.45988,100.48832,99.23566,61.10982242,95.51433622,96.62010695,100,32.29,8.097999573,33.61093932
Solomon Islands,SLB,Oceania,60.5201015,39.4798985,0.535246328,0.000336958,0.000373578,,0.000355268,0.000289538,0.207346246,0.105482761,0.10048256,0.077743428,635254,2205.92322,0.705250111,0.725693974,53.5,12.3,31.6,7.9,114,8.5,20.6,71.1,55.625,69.5264,70.61201,,77.72298857,64.03405938,31.26703902,47.91914368,8.45,2.055999994,11.92422906
Tonga,TON,Oceania,60.5201015,39.4798985,0.535246328,0.000172879,0.000191668,,0.000182274,0.00014855,0.783045663,0.752513927,0.664009535,0.372909555,110041,5425.620625,2.172751869,2.299143047,4.8,,8.1,5.2,124,6.7,16,73.4,60.666,86.85797,78.74485,99.43703,60.88240948,99.90588051,93.46756406,97.02,59.17,1.157999992,41.24872764
Tuvalu,TUV,Oceania,60.5201015,39.4798985,0.535246328,0.000170861,0.00018943,,0.000180146,0.000146816,0.217086607,0.400414914,0.286325479,0.140195941,11393,3575.103821,1.969090152,2.194329852,,,10,3.3,,16,24.9,,,84.57044,74.59459,,,99.257736,91.41039809,99.42615509,50.42,,49.31833862
Iraq,IRQ,Asia,60.79281559,39.20718441,0.529336085,0.608987642,0.672360852,0.383769058,0.555039184,0.526924913,0.181867202,0.245682026,0.22388966,0.374654285,40412299,15392.93238,6.031242046,6.50791978,15.52,27.7,22.6,7.4,50,17.1,30.4,69.8,71.069,92.32209,48.07643,52.31889,25.5348959,86.09833055,85.6592985,100,97.63,8.234000206,49.35999889
Bangladesh,BGD,Asia,60.87548939,39.12451061,0.527544384,2.527306082,2.78673724,3.890284709,3.068109344,2.191365561,0.794404759,1.992845319,1.549882582,1.956310904,168065920,3523.983851,0.74354379,0.94010731,37.91,15.2,36.1,14.3,176,18.4,32.4,72.7,59.761,90.50189,77.58315,92.95076,41.58208841,97.32714248,46.92459323,75.92,17.72,4.383999825,18.02
India,IND,Asia,61.07688834,38.92311166,0.523179679,20.47655958,22.507559,22.76460884,21.91624248,17.84659405,0.435369018,0.843838376,0.669237292,10.23868585,1368737513,6430.107398,1.755985274,2.177188812,27.38,14.8,38.4,21,174,24,39.4,68.8,56.786,92.25011,85.88366,86.14488,34.22682566,87.55914016,44.15112275,84.52681732,41.04,3.53399992,34.45
Guyana,GUY,LAC,61.40777357,38.59222643,0.516008756,0.011666276,0.01275609,0.005637012,0.010019793,0.010255063,0.376523459,0.329876229,0.282959545,0.17580405,786508,7435.046801,4.491890091,5.149343681,11.9,7.5,12,6.4,229,18.9,31.3,66.2,60.964,91.5049,78.85096,96.68967,54.79764455,95.07132299,86.16405304,84.24290466,74.48,11.92300034,37.32583679
South Africa,ZAF,Africa,61.48093272,38.51906728,0.514423256,0.859647066,0.938843296,1.195502587,0.99799765,0.757094918,0.227701466,0.144248419,0.158731885,0.533571046,58065097,12294.4731,10.27233277,9.179352615,34.25,6.1,27.4,2.5,138,10.7,37.1,63.6,65.185,84.31718,75.42397,98.95578,77.26840281,84.69726547,73.12882437,84.2,84.75,27.37299919,56.16739447
Cambodia,KHM,Asia,61.78418151,38.21581849,0.507851268,0.24210255,0.26309999,0.125042093,0.210081544,0.214912713,0.766615759,0.724565046,0.682276629,0.473757714,16482646,3651.724491,2.045044499,2.135579445,12.72,18.5,32.4,9.6,161,14.9,29.2,69.4,61.94,90.56157,54.25676,92.21236,91.29139784,74.97079565,48.82544927,49.77065659,17.69,0.233999997,33.99999913
Lao PDR,LAO,Asia,62.02906674,37.97093326,0.502544131,0.103097019,0.111582769,0.163511426,0.126063738,0.092108719,0.437597637,0.8338413,0.751313562,0.362086881,7064242,6397.359825,1.777038104,1.93934466,39.06,16.6,43.8,6.4,197,28.2,63.4,65.8,53.022,93.34074,69.65831,92.46264,96.41743112,80.44735551,72.59428683,87.09577179,5.62,0.680999994,25.51043508
Myanmar,MMR,Asia,62.17853354,37.82146646,0.499304896,0.789871417,0.852730804,0.581144793,0.741249005,0.708474041,0.498873392,0.762040406,0.609006099,0.658529923,54336138,5611.583198,1.944474007,2.392514536,18.12,10.5,29.2,7,178,24.1,48.6,66.8,58.385,97.7122,60.60242,84.75116,64.21191977,67.53664134,64.69647377,57.00938416,18.4,0.801999986,30.67818311
Belize,BLZ,LAC,62.54881785,37.45118215,0.491280119,0.005617157,0.006025711,0.005524086,0.005722318,0.005088115,0.361277043,0.518335347,0.494424694,0.219616874,390231,7748.816588,2.858704833,2.946972434,24.22,6.5,15,1.8,28,8.8,14.2,70.5,66.126,96.10654,66.92298,,66.01737759,97.12880364,87.1572023,92.21431732,85.43,9.248000145,47.0826258
"Venezuela, RB",VEN,LAC,63.05439028,36.94560972,0.480323386,0.465478157,0.494878165,0.897954012,0.619436778,0.427407733,0,0.151061176,0.187302359,0.30400657,32779868,,9.809057496,7.779164944,47.51,11.7,13.4,4.1,95,19.8,30.9,74.1,70.912,83.99457,71.87503,98.75951,65.1575287,97.41722394,94.93438957,99.60383606,96.16,7.882999897,64.31336383
Honduras,HND,LAC,63.41418905,36.58581095,0.47252585,0.134553298,0.142113497,0.169966808,0.148877868,0.124763506,0.616379512,0.747052163,0.693637499,0.402591429,9568688,4541.795257,1.983486343,2.100601462,31.11,15.3,22.7,1.4,129,10,18.2,75.2,62.708,83.32061,47.45225,96.12654,59.46895963,92.17872102,79.77644697,87.57662964,53.1,4.379000187,32.13636364
Kuwait,KWT,Asia,63.511739,36.488261,0.470411754,0.059589056,0.062823134,,0.061206095,0.05540121,0.042720077,0.037815745,0.047992192,0.050557838,4248974,65530.53658,39.18388382,30.3602705,,2.5,4.9,3.1,4,4.3,8.1,74.8,84.806,87.30606,90.35414,99.24358,56.03871814,100,100,100,100,2.059999943,97.99998933
Mauritius,MUS,Africa,63.58915857,36.41084143,0.468733922,0.017792266,0.018730744,0.000946395,0.012489801,0.01657702,0.13776666,0.330205978,0.216915024,0.110098495,1271368,20320.3703,4.487404412,6.717173942,1.31,5.8,,,53,7.9,13.1,74.8,71.651,95.8075,84.16777,98.13035,62.38232357,99.86522415,93.14913303,98.78178406,93.34,7.054999828,55.55669841
Ghana,GHA,Africa,63.80165878,36.19834122,0.464128632,0.418736397,0.439054564,0.416218984,0.424669982,0.39242616,0.684147881,1.582285626,1.332916993,0.739711333,30096970,4091.907058,0.936472997,1.093133295,24.48,6.1,18.8,4.7,319,24.2,49.3,63.4,57.072,83.58567,74.65355,85.71615,94.40322394,77.79930236,14.27950593,79.3,21.71,2.431999922,37.88415262
Nepal,NPL,Asia,63.93470398,36.06529602,0.461245285,0.415049443,0.43408059,0.568441708,0.472523914,0.390405783,1.139695944,1.152350503,1.041221846,0.774852954,29942018,2456.33018,1.285865506,1.399371278,33.73,9.5,35.8,9.7,258,20.7,33.7,70.2,59.035,94.69564,89.36779,84.75715,96.42707743,87.74666809,46.1265906,90.7,27.62,2.690000057,21.40351043
Indonesia,IDN,Asia,64.19349116,35.80650884,0.455636866,3.709443853,3.860057476,3.565141889,3.711547739,3.514412465,0.250204093,0.51848744,0.44176573,1.98907272,269536482,11188.74402,2.857866262,3.298254817,23.67,7.7,36.4,13.5,126,12.4,25.4,69.3,61.768,91.91315,90.38364,99.66881,62.09794337,89.52403041,67.88660816,97.62,58.37,4.321000099,32.2924419
Turkmenistan,TKM,Asia,64.25774762,35.74225238,0.454244304,0.081636586,0.084843876,0.001425355,0.055968605,0.077483427,0.17081369,0.100153062,0.080172628,0.098607142,5942561,16389.02331,14.79503208,18.17398256,0.43,5.5,11.5,4.2,42,21.3,47.3,68.2,68.151,,,99.8,68.11077045,94.45457734,96.56707336,100,99.32,3.335000038,21.25099741
Mongolia,MNG,Asia,64.69385864,35.30614136,0.444792934,0.042965899,0.044264913,0.00755408,0.031594964,0.041283789,0.237909443,0.14328806,0.100949555,0.108226751,3166244,11766.95432,10.34118103,14.43350544,4.33,18.7,10.8,1,44,9.1,17.2,69.8,65.653,97.87676,106.60714,98.46025,79.64826698,83.21989314,59.2215303,81.77503204,42.8,6.653999805,23.71426517
Gabon,GAB,Africa,64.76491309,35.23508691,0.443253047,0.028562853,0.029383671,0.014694268,0.024213597,0.027499965,0.170037136,0.13913249,0.312304394,0.111867285,2109099,16463.87137,10.65004844,4.665499344,12.67,9.4,17.5,3.4,291,21.5,48.3,66.4,55.973,,,88.50414,72.53235201,87.54092199,40.93038599,91.39550018,79.12,19.45700073,50.32012015
Saudi Arabia,SAU,Asia,64.83798684,35.16201316,0.441669397,0.461397181,0.473943538,,0.46767036,0.445150754,0.05714888,0.079180477,0.073696081,0.261602068,34140662,48985.55382,18.7138018,19.77114562,,5.5,9.3,11.8,12,3.9,7.4,74.8,77.814,97.3903,116.11941,99.22177,27.98379215,99.99289263,100,100,95.96,5.422999859,82.12
Philippines,PHL,Asia,64.93638894,35.06361106,0.439536833,1.45692418,1.493494675,1.391966033,1.447461629,1.409568607,0.368390612,0.784831785,0.687846907,0.990440049,108106310,7599.18806,1.88800682,2.118285232,23.53,13.7,33.4,7.1,114,13.6,28.1,69.3,57.88,94.9618,85.67553,98.10835,66.25564329,90.5029776,74.9769045,90.98161316,43.22,1.881000042,60.05476033
Cabo Verde,CPV,Africa,65.05090482,34.94909518,0.437055053,0.007527033,0.007697543,0.010923155,0.00871591,0.007306237,0.445551009,1.062868857,0.770245134,0.344532538,560349,6283.162846,1.39412097,1.891678222,35.74,12.3,,,42,10.4,17.4,73.2,68.25,86.20393,74.32059,98.11131,69.81374615,86.45935273,65.20696389,92.61158752,71.05,10.35000038,57.16214635
Sao Tome and Principe,STP,Africa,65.48414012,34.51585988,0.427666006,0.002830738,0.002868229,0.005812492,0.003837153,0.00278219,0.917042926,1.666204906,1.36962617,0.610394452,213379,3052.713743,0.889307046,1.063834773,50.57,10.2,17.2,4,156,14.4,32.4,68.7,58.6,96.07663,74.22492,96.7384,54.79122473,79.69705854,40.10276968,65.44048309,16.81,13.5,29.9312292
Lebanon,LBN,Asia,65.66628291,34.33371709,0.423718619,0.080047341,0.080785186,0.000195015,0.053675847,0.079091898,0.212223459,0.32398462,0.385955795,0.174990353,6065922,13191.14086,4.573574396,3.775188669,0.06,10.9,16.5,6.6,15,4.5,7.8,76.3,81.164,86.30347,52.40729,99.24335,32.72377092,92.25819239,95.35936538,100,,6.690999985,78.18077489
Brunei Darussalam,BRN,Asia,65.73773448,34.26226552,0.422170125,0.017808923,0.01794474,0.053770837,0.0298415,0.017633052,0.426101438,0.723326642,0.586447672,0.282115787,439336,71809.25058,34.2508259,40.06045487,,2.6,19.7,2.9,23,4.7,10.5,76.4,76.519,93.79535,102.33254,99.36677,79.20396829,99.513212,96.33040522,100,100,7.105000019,94.86669164
"Korea, Dem. Rep.",PRK,Asia,65.73773448,34.26226552,0.422170125,0.338798421,0.341382214,,0.340090317,0.335452636,,0.369148947,0.488738889,0.368146761,25727408,,4.014010541,2.98125641,,43.4,27.9,4,82,10,19,71.9,64.674,94.06663,,99.99964,85.56309328,99.6245586,77.13465119,39.24422455,10.8,4.745999813,0
Timor-Leste,TLS,Asia,65.73773448,34.26226552,0.422170125,0.005785516,0.005829639,,0.005807578,0.005728382,0.038984804,0.043262249,0.036371428,0.0225844,1352360,6569.960332,2.048545812,2.484545535,74.36,27.2,50.2,11,215,20.7,47.6,68.6,54.525,78.69488,80.23331,79.52868,47.35479224,70.22330007,44.01105596,63.39413834,6.92,3.480999947,27.49273173
Sri Lanka,LKA,Asia,65.84124908,34.15875092,0.419926763,0.275956346,0.277421459,0.099387957,0.217588587,0.274059153,0.239449257,1.207212586,0.793410712,0.432852162,21018859,11691.28517,1.227429021,1.836446022,8.87,10.9,17.3,15.1,30,5.8,8.8,75.3,77.061,99.11166,96.4709,98.85646,47.25881564,92.31186429,94.20667369,95.58823395,26.33,4.138000011,34.1133479
Libya,LBY,Africa,65.88351483,34.11648517,0.419010783,0.086148938,0.086524468,,0.086336703,0.08566266,0.156556669,0.100446636,0.116173051,0.109216469,6569864,17881.50933,14.75179077,12.54211655,,,21,6.5,9,6.5,12.4,71.9,70.618,,,99.6,32.63380248,96.75,99.7,98.53672791,,15.68400002,21.75892062
"Egypt, Arab Rep.",EGY,Africa,66.20609094,33.79390906,0.412019934,1.314056566,1.310152805,0.506882649,1.04369734,1.319111594,0.265319879,0.482547636,0.475511359,0.776789578,101168745,10551.29965,3.070718103,3.064187462,9.5,4.8,22.3,9.5,33,11.6,22.1,70.5,65.161,97.01772,80.96209,88.19256,30.23589842,98.35749916,93.16947984,100,97.62,11.82800007,44.95020425
Qatar,QAT,Asia,66.27910892,33.72089108,0.410437494,0.035562866,0.035397519,,0.035480192,0.035776975,0.023941007,0.018127816,0.019407851,0.028491502,2743901,116931.9863,81.74000307,75.07559493,,1.17,2.58,0.7,13,3.8,7.6,78.1,83.649,94.40015,83.3705,95.46365,61.10330305,100,100,100,98.49,0.120999999,95.94
Panama,PAN,LAC,66.30655957,33.69344043,0.409842585,0.054729863,0.05444076,0.012089074,0.040419899,0.055104227,0.125604571,0.422552682,0.39473112,0.157442649,4226197,22287.95908,3.506705374,3.691261908,5.44,9.2,19.1,1.2,94,8.9,16.1,78,73.844,87.20925,74.16361,97.63853,65.04728535,95.00022473,76.86704038,93.4178009,89.01,4.596000195,57.86509007
El Salvador,SLV,LAC,66.7328777,33.2671223,0.400603446,0.082412808,0.081156302,0.026268431,0.063279181,0.084039873,0.3838856,0.796319846,0.733696537,0.324053211,6445405,7292.457809,1.860769602,1.985910893,7.85,10.3,13.6,2.1,54,7.1,14.5,73.7,70.139,80.56424,78.20048,97.98045,59.78732485,93.01307096,91.12507367,98.61889648,86,4.546000004,31.25135241
Suriname,SUR,LAC,67.0335394,32.9664606,0.394087525,0.007261405,0.007098541,0.009048723,0.007802889,0.007472299,0.202744619,0.248665718,0.241334366,0.115754962,573085,13807.86113,5.958874324,6.0374988,30.69,7.6,8.8,5,155,10.2,19.6,71.8,62.508,90.19028,47.68701,97.6679,64.34812237,94.68094181,79.21919843,87.17631531,89.61,8.052000046,48.94517397
Antigua and Barbuda,ATG,LAC,67.08306453,32.91693547,0.39301422,0.002283049,0.002229113,0.000951113,0.001821092,0.00235289,0.220216143,0.389225326,0.34235882,0.14754555,104084,21380.1574,6.889967872,6.811805849,,1.17,2.58,0.7,,3.8,7.4,75,71.552,79.63518,82.75261,,,96.73918628,87.50428238,97.35466766,98.75,,76
"Bahamas, The",BHS,LAC,67.08306453,32.91693547,0.39301422,0.003631163,0.003545379,0.000927398,0.002701313,0.003742245,0.16595061,0.281565423,0.275124755,0.112684814,403095,27717.8473,7.737610823,8.31069599,3.75,1.17,2.58,0.7,80,4,7.2,75.7,69.541,88.19669,96.67644,,85.54542431,97.79174973,92.01119677,100,100,12.32600021,85
Barbados,BRB,LAC,67.08306453,32.91693547,0.39301422,0.005099834,0.004979354,0.000776528,0.003618572,0.005255845,0.100998808,0.191501976,0.175322975,0.073321425,287010,16869.29344,5.262605569,5.295982718,6.29,3.7,7.7,6.8,27,8.1,12.4,75.6,74.626,89.17957,100.75071,99.9,88.9890518,98.13116783,96.45610169,100,99.44,9.527999878,81.76077839
Dominica,DMA,LAC,67.08306453,32.91693547,0.39301422,0.00139786,0.001364837,,0.001381349,0.001440623,0.261695014,0.546544146,0.479128563,0.194338335,74679,9123.402264,2.764291114,3.053067127,,5.2,,,,27.3,34,,64.027,95.63788,96.8383,,,96.5,77.8927615,100,90.6,,69.61966879
Grenada,GRD,LAC,67.08306453,32.91693547,0.39301422,0.001376821,0.001344294,,0.001360557,0.001418939,0.203217493,0.542849154,0.469124595,0.177995966,108825,13775.7311,2.729612364,3.105903974,,,,,27,10.9,16.7,73.4,67.69,95.16711,89.87486,99.2,,95.62865044,78.30225647,92.34436798,96.58,,59.07173536
St. Kitts and Nevis,KNA,LAC,67.08306453,32.91693547,0.39301422,0.001316839,0.001285729,,0.001301284,0.001357123,0.130937742,0.215061636,0.213901567,0.087019438,56345,26028.69169,4.995337152,4.933889431,,1.17,2.58,0.7,,8.8,13.7,,,,,,,98.96760204,91.60912585,100,100,,80.71019081
St. Lucia,LCA,LAC,67.08306453,32.91693547,0.39301422,0.000944816,0.000922495,,0.000933656,0.000973719,0.30684491,0.53603897,0.477243337,0.20384836,180454,12712.37206,3.806966458,4.25593226,10.26,,2.5,3.7,48,12.4,16.6,75.6,68.604,93.4385,90.47275,,80.85487273,98.16245367,90.90809761,97.76091766,97.23,20.4260006,50.81524478
St. Vincent and the Grenadines,VCT,LAC,67.08306453,32.91693547,0.39301422,0.00071286,0.000696019,,0.000704439,0.000734667,0.107553218,0.296630181,0.295315889,0.10124134,110488,10697.45083,2.711158418,3.041054232,,5.7,,,45,9.6,16.2,72,64.249,93.44302,102.11841,,73.29806541,95.1452199,87.1843449,100,95.98,18.25300026,65.56
Montenegro,MNE,Europe,67.25013397,32.74986603,0.389393502,0.007921993,7.70E-03,3.22E-05,0.005218946,0.008205988,0.170029175,0.185215235,0.198486027,0.093826185,629355,16464.64231,8.000247732,7.340848964,0.1,2.5,9.4,2.8,7,2.3,3.5,76.8,80.717,95.83619,99.40302,99.21182,76.71473667,97.6275668,95.90868712,100,69.35,16.11599922,71.27233254
Paraguay,PRY,LAC,67.51844679,32.48155321,0.383578644,0.087165519,0.084176418,0.016068315,0.062470084,0.091036141,0.234941819,0.219839058,0.182641597,0.147422093,6981981,11915.58638,6.740238852,7.977678541,4.54,11.2,5.6,1,132,11.1,21,74.2,69.617,88.54608,64.13452,98.4506,67.88092172,98.88534157,91.22222482,98.4,66.22,4.607999802,61.07575622
Trinidad and Tobago,TTO,LAC,67.55632494,32.44367506,0.382757751,0.017151492,0.016547178,0.000961061,0.011553244,0.017934025,0.097328605,0.031205204,0.022267749,0.038388087,1375443,28763.07077,47.48463698,65.43346398,1.38,4.9,11,6.3,63,16.6,26.1,71.8,67.394,95.23794,80.89414,99.6,69.61660074,96.94055907,92.14651868,100,99.26,5.074999809,77.32605293
Bhutan,BTN,Asia,67.57532537,32.42467463,0.382345975,0.010296872,0.009929201,0.005033865,0.00841998,0.010772974,0.327947632,0.559201021,0.491372195,0.218106798,826229,8536.331027,2.64979445,2.965279602,12.04,,33.6,5.9,148,16.9,30.8,70.6,64.057,79.86966,80.03687,87.31836,78.66568054,97.55866085,62.87050065,100,52.5,2.428999901,48.10641588
Oman,OMN,Asia,67.8552852,32.1447148,0.376278704,0.06179761,0.059156141,,0.060476875,0.06521808,0.073746503,0.068933571,0.075367236,0.067897965,5001875,37960.70919,21.49558963,19.33275022,,5.4,14.1,7.5,17,5.1,11.3,77,79.312,94.12076,99.674,98.66244,34.26561359,90.943688,99.31807583,100,95.22,3.229000092,80.18563573
Nicaragua,NIC,LAC,67.94340864,32.05659136,0.374368898,0.078252723,0.074732579,0.042481576,0.065155626,0.082810999,0.526073336,0.577430355,0.502934297,0.303555572,6351157,5321.443516,2.566141091,2.897109928,13.37,16.2,17.3,2.2,150,7.1,17.2,75.5,71.189,96.95224,67.05253,87.00925,60.2652908,82.25617046,76.34918523,81.79679871,52.3,4.454999924,27.86304001
Jordan,JOR,Asia,68.08526389,31.91473611,0.37129462,0.123521089,0.117515892,0.065602232,0.102213071,0.13129729,0.335768877,0.390894045,0.525887212,0.256917466,10069794,8337.489679,3.790714596,2.770662439,13.08,13.5,7.8,2.4,58,10.1,17,74.3,77.308,92.35216,60.76455,99.10572,22.07906643,98.56668018,96.70805802,100,99.06,14.66899967,66.79031443
Bolivia,BOL,LAC,68.39317353,31.60682647,0.364621623,0.138244263,0.13041776,0.065507003,0.111389675,0.148378895,0.406555219,0.229786813,0.180229284,0.217832959,11379861,6885.828577,6.44844561,8.084457271,11.67,19.8,16.1,2,206,18.5,34.9,71.5,61.039,91.88525,84.05027,99.39917,69.20476532,92.88162636,52.61402673,93.03913116,64,3.187000036,43.83227607
Turkey,TUR,Asia,68.48880698,31.51119302,0.362549061,1.004783062,0.945371132,0.021623099,0.657259098,1.081716284,0.111379053,0.277850205,0.226367025,0.525615762,82961805,25134.61442,5.332973436,6.436696984,0.53,2.5,9.5,1.7,16,5.9,11.6,76.4,77.753,94.345,95.10945,99.62136,44.93683679,98.89935342,96.37269351,100,,11.14000034,64.68461768
Mexico,MEX,LAC,68.50928203,31.49071797,0.362105327,1.601635525,1.50606646,0.760235181,1.289312389,1.725389054,0.161532101,0.255275305,0.259850876,0.858449158,132328035,17330.73198,5.804587183,5.6072774,11.69,3.8,12.4,1,38,7.6,13.4,76.6,70.477,95.25063,91.62148,99.1162,56.13367981,98.31047115,89.21839255,100,85.35,3.371000051,63.85224909
Kazakhstan,KAZ,Asia,68.7093321,31.2906679,0.357769855,0.223610848,0.209078739,0.001180337,0.144623308,0.24242865,0.116263227,0.091159772,0.076312669,0.146762852,18592970,24078.7187,16.25462333,19.09323793,0.13,2.5,8,3.1,12,5.3,10,71.1,73.082,87.58619,109.74225,99.89736,84.48943715,91.14559003,97.80530797,100,95.34,5.073999882,76.42674823
Bahrain,BHR,Asia,68.71941398,31.28058602,0.357551361,0.019692029,0.018406962,,0.019049496,0.021356078,0.064666759,0.050006086,0.070816205,0.041370869,1637896,43290.70452,29.63174823,20.57517693,,1.17,2.58,0.7,15,3.1,7.3,79.1,81.5,97.4126,97.27845,94.14007,50.79098774,100,100,100,100,1.187999964,95.87813575
Armenia,ARM,Asia,68.77318369,31.22681631,0.356386067,0.035246618,0.032895656,0.01205034,0.026730871,0.038290906,0.318571161,0.479353274,0.382048655,0.203573476,2936706,8787.57994,3.091181061,3.813796819,8.42,4.3,9.4,4.2,25,6.7,12.6,74.8,75.851,92.02934,89.17086,99.8474,72.93733401,98.92365243,91.58276665,100,96.9,18.27599907,69.71812489
Jamaica,JAM,LAC,68.79748023,31.20251977,0.355859514,0.034855009,0.032507398,0.0193607,0.028907703,0.037894959,0.339738017,0.349780846,0.419277081,0.197767411,2906339,8240.083254,4.236274739,3.475162395,13.68,8.9,6.2,3.6,89,10.8,15.2,76,70.647,91.53881,85.58921,96.3,74.21226091,92.91854636,85.37371383,98.20426941,90.5,12.29399967,48.78096953
Georgia,GEO,Asia,68.91341134,31.08658866,0.353347063,0.046648194,0.043360207,0.027047853,0.039018751,0.050905848,0.287688962,0.436620983,0.321392297,0.18915505,3904204,9730.889635,3.393716335,4.533574578,14.28,7.4,11.3,1.6,36,6.7,10.8,72.6,71.176,97.93477,107.43545,99.70261,73.43639461,93.26352694,84.87671725,100,77.79,11.63700008,60.49125755
Morocco,MAR,Africa,69.06972966,30.93027034,0.349959342,0.435522933,0.402970261,0.090188458,0.309560551,0.477675779,0.37400998,0.559940825,0.46416932,0.418325346,36635156,7485.012951,2.646293492,3.139061289,5.1,3.9,14.9,2.3,121,14.4,23.3,76,61.125,96.80065,64.8061,91.22096,33.65384635,82.96999532,83.46606769,100,96.75,9.288000107,61.76221201
Tajikistan,TJK,Asia,69.22656481,30.77343519,0.346560421,0.10990424,0.10121515,0.057254663,0.089458018,0.121155846,0.961946698,1.03468568,1.157176397,0.5671229,9292000,2910.212748,1.432094588,1.259147654,12.83,,26.8,9.9,32,14.5,33.6,70.8,60.61,97.73009,94.23115,99.9,61.81050748,74.13972956,95.49214151,100,80.41,10.29199982,21.96
North Macedonia,MKD,Europe,69.3839221,30.6160779,0.343150184,0.024555173,0.022506387,0.008564577,0.018542046,0.027208171,0.213176782,0.230400861,0.230338468,0.122324166,2086720,13132.15032,6.431259648,6.325716915,8.59,4.1,4.9,1.8,8,10.5,13.7,75.9,77.697,91.71095,88.08188,98.6,63.09428786,96.77404592,90.91120301,100,65.63,22.29599953,76.31197942
Bosnia and Herzegovina,BIH,Europe,69.38873432,30.61126568,0.343045894,0.041200138,0.037757019,0.000401495,0.026452884,0.045658673,0.238629713,0.241058834,0.179657769,0.130274893,3501774,11731.43743,6.146913331,8.110175014,0.24,2.5,8.9,2.3,11,4,5.7,77.3,76.56,,,99.66243,59.9312889,97.66018613,94.78209924,100,63.38,26.05599976,69.49115242
Malaysia,MYS,Asia,69.55789056,30.44210944,0.339379951,0.379732992,0.346192666,0.000308374,0.242078011,0.423164762,0.104364028,0.140562595,0.126777364,0.225819195,32454455,26824.08498,10.54169326,11.49302923,0.02,2.9,20.7,11.5,40,4.3,7.9,75.3,72.877,98.60314,84.77912,97.61447,65.75180152,96.43380565,99.57400673,100,96.3,3.349999905,80.14047901
Colombia,COL,LAC,69.57082193,30.42917807,0.339099703,0.58301948,0.531310436,0.282418582,0.465582833,0.649978142,0.212360461,0.467528179,0.434933974,0.444788128,49849818,13182.63076,3.169365675,3.350062381,11.93,6.5,12.7,0.9,64,8,14.7,75.1,74.847,91.2692,76.3503,98.66831,71.39414932,96.52202969,84.4391972,99.00445557,91.79,9.029999733,62.25988032
Singapore,SGP,Asia,69.61571778,30.38428222,0.338126723,0.068529261,0.0623641,0.002921697,0.044605019,0.076512603,0.032728789,0.132217538,0.085758835,0.065708649,5868104,85535.3832,11.207044,16.99015559,1.05,1.17,4.4,3.6,10,1.1,2.8,82.9,92.422,99.45667,107.36645,99.92658,78.83913523,100,100,100,100,1.835999966,84.44953878
United Arab Emirates,ARE,Asia,69.70891906,30.29108094,0.336106871,0.112723136,0.102283075,,0.107503106,0.126242097,0.041600901,0.049862388,0.054259015,0.081851701,9682088,67293.48276,29.71714412,26.85371172,,2.5,2.58,0.7,6,4.7,9.1,77.2,69.006,94.5949,81.89104,95.00645,44.3091563,99.63076458,99.97720052,100,98.51,1.710000038,94.81992254
Dominican Republic,DOM,LAC,69.76190866,30.23809134,0.334958484,0.127805323,0.115774694,0.0267774,0.090119139,0.143383928,0.191733188,0.496759912,0.516868224,0.233012581,10996774,14600.86058,2.982865014,2.819008557,5.16,10.4,7.1,2.4,92,20.1,29.9,73.5,64.297,92.87434,76.65235,98.83941,68.56296179,94.4770736,82.69698174,100,90.41,5.488999844,64.99320547
Tunisia,TUN,Africa,69.98799711,30.01200289,0.33005871,0.135920923,0.122239236,0.0120313,0.09006382,0.153637505,0.258032335,0.452475332,0.456615292,0.239069743,11783168,10849.29739,3.274803411,3.190992439,2.18,4.9,10.1,2.8,62,7.5,13,76,79.378,98.56731,70.82054,96.2091,34.27580347,94.23021796,93.1278284,100,99.1,15.25399971,55.5
Fiji,FJI,Oceania,70.07084208,29.92915792,0.328263299,0.010568769,0.009479389,0.003896548,0.007981569,0.011979421,0.321668101,0.527428947,0.466439146,0.209640784,918757,8702.975322,2.809416832,3.123785724,9.08,4.4,7.5,6.3,30,10.6,25.3,69.9,59.933,97.23775,96.81344,,54.10429166,93.71244712,95.67704656,98.6460495,39.56,6.236000061,49.96637301
Cyprus,CYP,Asia,70.14401802,29.85598198,0.326677435,0.013752201,1.23E-02,4.47E-05,0.008700685,0.015625962,0.086363046,0.173708685,0.190838818,0.073240861,1198427,32415.13223,8.530188115,7.635008223,0.08,4.6,2.58,0.7,7,1.6,2.7,80.7,93.586,97.36852,97.61321,99.82099,86.21882496,100,99.36966086,100,100,10.35900021,80.74318897
Albania,ALB,Europe,70.27264723,29.72735277,0.323889791,0.033573805,0.029913668,0.004157863,0.022548445,0.038313359,0.237202524,0.542527535,0.419750391,0.194800823,2938428,11802.02257,2.731230523,3.471243808,3.05,5.5,23.1,9.4,29,6.1,8.8,76.4,80.258,96.50314,91.11684,99.2314,72.71054488,91.39433316,97.69065534,100,77.42,15.13199997,71.8470405
Andorra,AND,Europe,70.36599712,29.63400288,0.321866718,0.000383646,0.000340757,0,0.000241467,0.000439183,0.048465795,0.172740815,0.215254454,0.06078602,77072,,8.111324676,7.538405647,,1.17,2.58,0.7,,1.4,3.3,,93.892,,,,,100,100,100,100,,98.87143552
Liechtenstein,LIE,Europe,70.36599712,29.63400288,0.321866718,0.000877842,0.000779705,,0.000828773,0.001004921,,0.182678887,0.193284365,0.063265503,38404,,7.26449077,5.416102489,,1.17,2.58,0.7,,,,,,92.1204,86.0241,,,100,99.95,100,,,98.1
Monaco,MCO,Europe,70.36599712,29.63400288,0.321866718,0.000445368,0.000395578,,0.000420473,0.00050984,,0.308253178,0.379825344,0.114978388,39102,,4.806982929,3.836120915,,1.17,2.58,0.7,,1.7,3.3,,,,,,,100,100,100,100,,97.05297684
San Marino,SMR,Europe,70.36599712,29.63400288,0.321866718,0.000437417,0.000388517,,0.000412967,0.000500739,,0.203974072,0.269022964,0.079129523,33683,57761.75798,8.577982943,6.768993261,,1.17,2.58,0.7,,1,2.2,,,92.70895,91.71598,,,100,100,100,100,,60.18230126
Azerbaijan,AZE,Asia,70.45890404,29.54109596,0.319853246,0.113707312,0.100679406,0,0.071462239,0.130577304,0.176651452,0.240730508,0.205518254,0.150453844,10014575,15847.41883,6.155296944,7.089666811,0,2.5,18,3.1,25,11.8,23,73.1,68.656,93.7475,88.45454,99.94048,90.74892928,84.37787214,89.34908083,100,95.54,5.037000179,79
"Iran, Islamic Rep.",IRN,Asia,70.48640871,29.51359129,0.319257166,0.939486554,0.831069333,0.122070383,0.630875423,1.079877315,0.147472908,0.156393839,0.131740709,0.50057323,82820766,18982.94125,9.474591645,11.06002811,3.2,4.9,6.8,4,25,9.1,14.9,75.7,76.705,98.59657,94.37617,98.10135,23.30348369,94.86619973,88.28982193,100,98.49,12.36900043,60.41635615
Brazil,BRA,LAC,70.61576131,29.38423869,0.316453845,2.398740848,2.112551753,1.089891276,1.867061293,2.769330543,0.19849535,0.299528031,0.276310778,1.280701647,212392717,14103.45153,4.947008656,5.273250495,11.19,2.5,7.1,1.6,44,8.5,14.8,75.1,70.021,95.47144,71.75012,98.96375,71.21773665,97.49794257,86.14835205,100,95.59,12.04100037,67.47
Cuba,CUB,LAC,70.81912642,29.18087358,0.31204653,0.128891688,0.112713016,,0.120802352,0.149841644,,0.38090589,0.341029612,0.210524677,11492046,,3.89011512,4.272520315,,2.5,7,2.4,39,2.2,5.4,79,78.097,96.92769,95.93332,99.87465,61.40170601,95.17550602,90.81850737,100,79.44,2.558000088,49.1046873
Russian Federation,RUS,Europe,70.94033862,29.05966138,0.309419627,1.607189857,1.399434525,0.003262924,1.003295769,1.876214731,0.113037018,0.104467666,0.096176086,0.773217349,143895551,24765.95363,14.18398451,15.14987771,0.05,2.5,,,25,3.3,7.6,71.9,81.108,96.98201,98.91831,99.7096,78.87953784,96.37505701,88.78669802,100,98.25,5.06099987,76.00813853
Vietnam,VNM,Asia,71.08528125,28.91471875,0.306278439,1.082771351,0.937912453,0.188169957,0.736284587,1.270350878,0.453584263,0.56417574,0.391073258,0.734461057,97429061,6171.884192,2.626429422,3.72578773,4.28,10.8,24.6,6.4,54,10.6,20.9,76.3,71.722,97.96511,87.55834,97.09167,87.79578648,91.19176624,78.23744781,100,66.92,2.094000101,49.56909734
Algeria,DZA,Africa,71.09970576,28.90029424,0.305965832,0.474073795,0.410435303,0.038691161,0.30773342,0.556480042,0.201398396,0.255752957,0.271553349,0.332316253,42679018,13900.15811,5.793746351,5.365634233,2.01,4.7,11.7,4.1,140,14.9,24,76.4,72.332,97.54668,79.07359,93.76733,22.78253025,93.46642653,87.48768636,99.43956757,92.62,10.06599998,47.69105515
Uzbekistan,UZB,Asia,71.13055054,28.86944946,0.305297366,0.364031663,0.314812384,0.40101324,0.359952429,0.427766298,0.447692795,0.180219065,0.196716751,0.355969857,32807368,6253.10386,8.222036693,7.406872749,27.13,7.4,19.6,4.5,36,12.1,22.5,72.3,67.842,96.22541,91.01313,100,68.99893433,91.45864126,100,100,92.1,6.902999878,52.30510079
Peru,PER,LAC,71.18572532,28.81427468,0.304101622,0.364736532,0.314788169,0.129289503,0.269604735,0.429415266,0.228774617,0.496104702,0.432310271,0.348000526,32933835,12236.80134,2.986804513,3.370394004,8.73,8.8,13.1,1,68,7.3,15,75.9,71.901,96.55621,86.85895,99.05748,81.98785966,89.86763835,76.8155252,94.85174561,75.06,3.638000011,48.72763146
Greece,GRC,Europe,71.40963726,28.59036274,0.299249017,0.122245661,0.10463443,0.012111364,0.079663818,0.145050656,0.113918205,0.136837104,0.169198006,0.122912559,11124603,24574.38248,10.82869862,8.611543261,2.44,2.5,2.58,0.7,3,3,5.3,81.2,90.882,92.90618,90.09265,98.81486,75.24174929,100,98.96396396,100,94.29,21.07299995,69.89
Israel,ISR,Asia,71.52939235,28.47060765,0.296653693,0.093931544,0.080037327,0.002440963,0.058803278,0.111923333,0.084493616,0.12981133,0.143431718,0.097960438,8583916,33132.3203,11.41477995,10.1585337,0.64,2.5,2.58,0.7,5,2,3.6,82.3,89.634,97.0222,101.41423,,85.95108481,100,100,100,100,3.808000088,81.58118359
Kyrgyz Republic,KGZ,Asia,71.61726407,28.38273593,0.294749342,0.06783866,0.057610805,0.046964684,0.057471383,0.081082833,0.824956921,0.557520294,0.471920386,0.369557869,6218616,3393.473613,2.657782646,3.087503715,17.05,6.5,12.9,2.8,76,10.7,20,71.4,68.598,89.90423,96.31183,99.75185,63.19949431,87.2686387,96.58607827,99.99610138,81.25,7.357999802,38.19903776
Maldives,MDV,Asia,72.12313037,27.87686963,0.283786241,0.004840162,0.004029353,0.001735363,0.003534959,0.005890088,0.184557384,0.626991534,0.450827081,0.183222935,451738,15168.55883,2.363297877,3.231961889,8.83,11,20.3,10.2,68,4.5,7.9,78.4,78.169,99.49878,103.92949,99.26838,52.52293983,97.88197985,95.86881806,100,93.83,4.965000153,63.18566588
Ecuador,ECU,LAC,72.29118216,27.70881784,0.280144233,0.182118746,0.150572768,0.075870295,0.13618727,0.222968012,0.265236056,0.364627599,0.385105156,0.249814429,17100444,10554.63417,4.063783886,3.783527492,10.26,7.8,23.9,1.6,64,7.5,14.5,76.5,67.924,91.34875,104.08596,99.05711,67.79339462,92.60993222,86.13821596,99.93681335,95.58,4.031000137,57.27224368
Argentina,ARG,LAC,72.35040745,27.64959255,0.278860707,0.479304708,0.395310523,0.050600499,0.308405243,0.588069786,0.14786842,0.18462205,0.188838558,0.307768438,45101781,18932.16647,8.025952259,7.715881552,2.6,3.8,8.2,1.2,52,5.9,10.4,76.9,74.655,98.99401,88.42663,99.50271,64.60673125,99.62730019,94.83988146,100,98.4,8.161999702,75.80974423
Serbia,SRB,Europe,72.48658054,27.51341946,0.275909572,0.092354388,0.075736953,0.001949982,0.056680441,0.113872505,0.199267606,0.203744962,0.166776705,0.138770347,8733407,14048.79395,7.272659628,8.736567527,0.52,5.6,6,3.9,17,3.7,5.7,76.3,80.508,95.17741,94.93034,99.71982,74.43440676,91.18245316,94.64288939,100,76.41,13.08399963,70.33083553
Uruguay,URY,LAC,72.55117803,27.44882197,0.27450962,0.03673679,0.030044373,0.000179,0.022320054,0.04540288,0.136217886,0.139357117,0.137498539,0.085592162,3482156,20551.40942,10.63288185,10.59688308,0.12,2.5,10.7,1.3,15,4.6,8.2,77.1,77.093,98.03885,74.12025,98.9326,75.52479269,99.24911101,95.6749109,100,97.97,8.048999786,68.27966256
Romania,ROU,Europe,72.73075524,27.26924476,0.270617834,0.204204935,0.165721032,0.009037795,0.126321254,0.254038202,0.119118495,0.213898362,0.246855178,0.18246368,19483360,23501.55226,6.927438559,5.902472674,1.09,2.5,12.8,3.5,31,3.7,7.8,75.2,79.604,86.56465,86.39524,98.99569,69.62448978,100,81.81271859,100,85.88,4.625,63.74728218
Ukraine,UKR,Europe,72.81392878,27.18607122,0.268815303,0.457617295,0.370030958,0.005202717,0.27761699,0.571033895,0.354614923,0.153849038,0.195742594,0.344515406,43795220,7894.392926,9.63130989,7.443734727,0.28,3.3,22.9,8.2,24,5.2,8.8,72.5,75.327,92.43896,95.14546,99.96976,74.33384449,97.73177956,95.93784236,100,95.73,8.982000351,57.11513856
Thailand,THA,Asia,73.0005811,26.9994189,0.264770186,0.719209675,0.576764175,0.000292029,0.432088626,0.903664064,0.171965797,0.268623517,0.212595689,0.437082022,69306160,16279.22292,5.516150549,6.853647641,0.01,9,10.5,5.4,20,5.3,9.5,75.5,76.392,98.01958,78.36748,98.14663,78.23536565,98.23114483,95.01129717,100,74.43,1.268000007,52.89192934
China,CHN,Asia,73.21140884,26.78859116,0.260201141,14.62131569,11.61378732,1.490149821,9.241750946,18.51580029,0.182867737,0.235127597,0.159162293,7.034390979,1420062022,15308.71212,6.301972964,9.154529731,2.51,8.7,8.1,1.9,27,4.7,9.3,76.4,80.404,,102.22117,99.64229,80.45014969,95.81802862,75.03727856,100,59.26,4.714000225,54.3
Australia,AUS,Oceania,73.88662918,26.11337082,0.245567809,0.251807843,0.193644803,0.00644139,0.150631345,0.327123863,0.062699898,0.060444625,0.065629347,0.150873023,25088636,44648.70991,24.51446709,22.20128667,0.63,2.5,2,0,6,2.1,3.5,82.9,95.177,96.67783,,,84.08593991,99.96870195,100,100,100,5.473999977,86.54472054
Moldova,MDA,Europe,74.40977404,25.59022596,0.234230248,0.03963524,0.029667329,0.000675928,0.023326166,0.052542808,0.539399774,0.42219397,0.376382769,0.253639279,4029750,5189.97166,3.509684804,3.871207891,0.42,,6.4,1.9,23,11.6,15.5,71.5,72.601,86.50643,82.10988,99.45616,85.28702532,86.69334497,78.39894398,100,92.19,4.385000229,76.12451989
Bulgaria,BGR,Europe,74.51905253,25.48094747,0.231861972,0.068445305,0.050931411,0.006030775,0.041802497,0.091124256,0.15046032,0.176285186,0.165040255,0.113512448,6988739,18606.03211,8.405514918,8.828488229,2.17,3,8.8,3.2,11,3.7,7.5,74.8,77.661,91.20163,47.55045,97.86505,80.2662082,99.25563508,85.98111231,100,88.65,4.919000149,63.41010138
United States,USA,North America,74.51961028,25.48038972,0.231849884,3.222954119,2.398186934,0.095531532,1.905557529,4.290955048,0.051626492,0.062171297,0.073657,1.579013304,329093110,54225.44612,23.83363128,19.78163566,0.73,2.5,2.1,0.5,14,3.6,6.6,78.5,87.768,95.07325,,,81.60809395,99.20043461,99.96955086,100,100,4.035999775,75.23264272
Luxembourg,LUX,Europe,74.78446078,25.21553922,0.226110061,0.005785835,4.24E-03,2.35E-05,0.003350687,0.007784015,0.029693784,0.06353681,0.084451528,0.028705664,596992,94277.96536,23.32140641,17.25316252,0.1,2.5,2.58,0.7,10,1.7,2.6,82.4,94.204,95.5354,98.72927,,82.63018827,99.9508,97.61098261,100,100,5.359000206,97.82762613
Costa Rica,CRI,LAC,74.97505188,25.02494812,0.221979583,0.048086033,0.034880836,0.003573056,0.028846642,0.065185601,0.180010395,0.459124677,0.418642654,0.178231576,4999384,15551.71048,3.227375562,3.480428789,1.83,4.4,5.6,1,25,5.9,9,79.6,76.709,96.60978,56.7513,99.1337,61.76646205,99.69781668,97.1485496,100,93.45,8.034999847,71.58166462
Lithuania,LTU,Europe,75.10327207,24.89672793,0.219200804,0.027410323,0.019735226,0.001268787,0.016138112,0.037348897,0.094819689,0.220052662,0.197804598,0.089308832,2864459,29524.13765,6.733696162,7.366137899,1.14,2.5,2.58,0.7,10,2,4.3,75,81.22,98.28579,101.32278,99.8558,84.54804603,97.38087004,93.62184087,100,100,6.920000076,77.61525651
Chile,CHL,LAC,75.61148881,24.38851119,0.208186764,0.171883672,0.11998599,0.006909388,0.099593017,0.239086603,0.122961522,0.279117192,0.240698462,0.180387242,18336653,22767.03719,5.308765661,6.05344934,0.99,3.3,1.8,0.3,22,5,7.4,79.5,81.053,94.779,92.43022,99.35394,68.188104,100,99.8882097,100,92.28,7.014999866,82.32748693
Italy,ITA,Europe,75.79012802,24.20987198,0.204315306,0.551016594,0.380277982,0.039824877,0.323706484,0.772108073,0.079485034,0.165705572,0.199265103,0.339446232,59216525,35220.08379,8.942172232,7.312148087,1.78,2.5,2.58,0.7,4,2,3.4,82.8,94.701,96.90515,99.82848,99.85964,68.01415124,100,99.28144435,100,100,10.56599998,61.30114276
Poland,POL,Europe,75.92808894,24.07191106,0.201325426,0.351841041,0.240637134,0.001142895,0.19787369,0.495840315,0.102382046,0.136354292,0.132558202,0.232638075,38028278,27343.36384,10.86704161,10.99182035,0.08,2.5,2.58,0.7,3,3,4.7,77.8,84.524,94.9783,95.42526,99.79683,74.94980832,97.8885955,98.13271295,100,100,4.364999771,75.98536595
Malta,MLT,Europe,76.10531233,23.89468767,0.197484652,0.003978911,2.69E-03,2.75E-05,0.002231861,0.005648963,0.076686438,0.214600414,0.285639006,0.083671743,433245,36505.40592,6.904775884,5.101039827,0.17,2.5,2.58,0.7,9,4.4,6.4,81.5,89.608,97.5698,99.80421,98.88194,63.68690562,100,99.96135673,100,100,3.903000116,80.07137784
Slovak Republic,SVK,Europe,76.21470144,23.78529856,0.195113979,0.04983254,0.033428808,0.002407852,0.0285564,0.071073929,0.09283553,0.16479076,0.182164977,0.091485932,5450987,30155.15212,8.99181341,7.998551455,1.19,2.7,2.58,0.7,6,2.8,5.6,77.4,83.182,,86.67971,,77.56232279,97.925558,98.9281762,100,96.58,7.268000126,81.62566752
Portugal,PRT,Europe,76.42595362,23.57404638,0.190535735,0.092914805,0.061412294,0.003433176,0.052586758,0.133707785,0.100206892,0.206012355,0.209266415,0.123535205,10254666,27936.89609,7.192616006,6.962684109,0.91,2.5,2.58,0.7,10,2.1,3.7,81.5,90.165,96.28771,,99.43512,83.76500501,99.90456968,99.44214277,100,100,7.34800005,73.79121395
Hungary,HUN,Europe,76.88659377,23.11340623,0.180552772,0.085775199,0.054793625,0.002646946,0.04773859,0.125893611,0.104545353,0.211671834,0.219133974,0.123395115,9655361,26777.56079,7.000306725,6.649155842,0.76,2.5,2.58,0.7,17,2.4,4.5,76,84.181,91.39128,93.44505,98.8,74.9632103,99.97125227,97.98953148,100,100,3.648999929,76.75054712
Latvia,LVA,Europe,77.134978,22.865022,0.175169805,0.016795236,0.010522086,0.000627399,0.009314907,0.024918414,0.111694137,0.273292771,0.235982311,0.10014125,1911108,25063.71085,5.421906168,6.174428656,0.92,2.5,2.58,0.7,18,2.2,4.2,75,81.863,96.30354,96.21353,99.83543,82.15485395,98.59556082,92.8639823,100,95.28,8.569000244,81.3158617
Belarus,BLR,Europe,77.44476174,22.55523826,0.168456192,0.081783701,0.049949876,0.00026566,0.043999745,0.123005703,0.163162352,0.155432607,0.137456822,0.119153129,9433874,17157.57043,9.533184799,10.60009917,0.08,2.5,4.5,2.2,4,1.5,3.7,74.2,83.564,95.70099,102.56073,99.82321,82.69616565,98.0055556,94.25397986,100,98.18,0.472000003,74.43644541
Croatia,HRV,Europe,77.7918602,22.2081398,0.160933897,0.035339249,0.020942125,0.001736251,0.019339208,0.053982257,0.122631151,0.23434305,0.229369858,0.106952268,4140148,22828.37215,6.323071073,6.352429913,1.21,2.5,2.58,0.7,8,2.9,4.6,78.3,87.225,87.45562,91.59296,99.72363,79.14270544,99.58590089,97.46612845,100,92.7,9.098999977,67.09619204
Spain,ESP,Europe,77.84050474,22.15949526,0.159879675,0.395540676,0.233374091,0.021360556,0.216758441,0.605532135,0.08168301,0.173423025,0.196706996,0.272259649,46441049,34272.36038,8.544238916,7.407240091,1.33,2.5,2.58,0.7,5,1.7,3.1,83.1,93.586,98.46452,91.87004,99.62216,82.10544556,99.94341049,99.90436021,100,100,14.54899979,84.6022457
Canada,CAN,North America,77.88742776,22.11257224,0.158862763,0.316841626,0.18614577,0.006689834,0.16989241,0.486081259,0.063598881,0.067539164,0.075233754,0.197739752,37279811,44017.59091,21.93938573,19.36705098,0.52,2.5,2.58,0.7,7,3.5,5.1,82.8,92.837,99.96224,,,87.06634727,98.9,98.5,100,100,5.873000145,92.70137191
Ireland,IRL,Europe,78.21597902,21.78402098,0.151742421,0.040583807,0.023117978,0.000346052,0.021349279,0.06320052,0.04157507,0.09632114,0.114280788,0.057856458,4847139,67335.29341,15.38361941,12.7497891,0.21,2.5,2.58,0.7,8,2.2,3.5,81.5,94.483,95.87164,99.40218,,79.00023192,98.92163909,92.17795166,100,100,5.979000092,84.51538863
"Korea, Rep.",KOR,Asia,78.33181542,21.66818458,0.149232022,0.427564079,0.240806831,0.011458161,0.22660969,0.669398282,0.077896388,0.121387727,0.100273649,0.271183762,51339238,35938.37422,12.20689928,14.53079611,0.66,2.5,2.5,1.2,11,1.5,3.3,82.7,92.555,96.14202,101.4697,,71.3246887,99.59492443,99.88753714,100,96.68,3.730000019,95.09714917
Switzerland,CHE,Europe,78.84028712,21.15971288,0.138212457,0.070009079,0.037395545,0.000227412,0.035877346,0.112240735,0.04876261,0.215209769,0.265735486,0.109338329,8608259,57410.16586,6.885225378,5.483106398,0.08,2.5,2.58,0.7,5,3,4.2,83.3,95.69,93.53813,98.13683,,85.0852982,100,99.89104203,100,100,4.778999805,93.71386591
Belgium,BEL,Europe,78.89166182,21.10833818,0.137099068,0.093809263,0.049825799,0.001142712,0.048259258,0.150763978,0.065625011,0.113519351,0.145238131,0.098506747,11562784,42658.57617,13.05299718,10.03218602,0.3,2.5,2.58,0.7,7,2.1,3.8,81.2,93.479,98.29369,94.40424,,81.76069355,100,99.48606061,100,100,6.459000111,87.67968082
Japan,JPN,Asia,78.91741824,21.08258176,0.136540876,1.027921091,0.544410837,0.028381703,0.53357121,1.654024323,0.071777178,0.139547683,0.143282527,0.600196954,126854745,39002.22332,10.61836166,10.16911114,0.68,2.5,7.1,2.3,5,0.9,2.6,84.2,93.685,98.23516,102.51128,,71.82296118,98.9455414,100,100,100,2.444999933,90.87304215
Iceland,ISL,Europe,79.20300119,20.79699881,0.130351741,0.00272227,1.40E-03,2.21E-05,0.001379901,0.004440547,0.060225718,0.103526845,0.104030129,0.042456163,340566,46482.95829,14.3128844,14.00609573,0.2,2.5,2.58,0.7,3,1,2.1,82.4,94.997,99.45437,96.76078,,89.21630865,100,98.77744156,100,100,2.835000038,98.26
United Kingdom,GBR,Europe,79.37596768,20.62403232,0.126603223,0.530776774,0.266447214,0.004525858,0.267249949,0.873060295,0.07042116,0.137337585,0.20241293,0.345151665,66959016,39753.24389,10.78923706,7.198433143,0.21,2.5,2.58,0.7,9,2.6,4.3,81.4,90.953,99.72931,,,83.5481129,100,99.11270947,100,100,3.996000051,94.62
Slovenia,SVN,Europe,79.40811997,20.59188003,0.12590642,0.016477265,0.008238822,0.00014719,0.008287759,0.027145325,0.089152697,0.149345853,0.167593634,0.070763881,2081900,31400.83951,9.921720167,8.693981459,0.22,2.5,2.58,0.7,9,1.2,2.1,80.9,90.696,97.7027,96.13171,99.8,85.10352793,99.52328034,99.10727079,100,96.17,6.21999979,78.88542636
New Zealand,NZL,Oceania,79.49848439,20.50151561,0.123948048,0.037763228,1.87E-02,3.07E-05,0.018821393,0.06248691,0.077578056,0.078284277,0.085995173,0.060256521,4792409,36085.84278,18.92803781,16.94346205,0.02,2.5,2.58,0.7,11,3,5.3,82.2,92.668,99.12018,,,85.35720426,100,100,100,100,5.039000034,90.81109307
Estonia,EST,Europe,80.22006451,19.77993549,0.108310011,0.009912072,4.44E-03,9.66E-05,0.004815722,0.016999866,0.094957621,0.097727883,0.085959576,0.052154235,1303798,29481.25181,15.16218003,16.95047853,0.24,2.8,2.58,0.7,9,1.2,2.7,77.8,85.526,93.48397,107.96253,99.9489,80.44252911,99.61450486,99.60883236,100,92.89,5.587999821,88.10245687
Netherlands,NLD,Europe,80.37856419,19.62143581,0.104875016,0.129208515,0.056475552,0.001311598,0.062331888,0.223391301,0.057753715,0.112972722,0.12801849,0.115993128,17132908,48472.54454,13.11615527,11.3816055,0.25,2.5,2.58,0.7,7,2.3,3.9,81.6,94.449,97.32553,,,84.0954364,100,97.72696627,100,100,3.792999983,93.19727891
Norway,NOR,Europe,80.6608244,19.3391756,0.098757891,0.040145294,0.016764731,0.000537921,0.019149315,0.070421066,0.043201652,0.126470968,0.146544446,0.067319935,5400916,64800.05733,11.71626807,9.942757858,0.33,2.5,2.58,0.7,5,1.5,2.6,82.5,95.117,99.87784,101.06676,,90.20622909,100,98.058581,100,100,3.894999981,96.50851854
Czech Republic,CZE,Europe,80.73623296,19.26376704,0.097123642,0.078709619,0.032451864,0.001278373,0.037479952,0.138609342,0.085857744,0.106642758,0.119148945,0.093710722,10630589,32605.90633,13.89468712,12.22886145,0.4,2.5,2.6,4.6,4,1.7,3.3,79.2,88.606,,96.94885,,76.2905421,99.87968019,99.13616018,100,97.13,2.069000006,78.71917285
Germany,DEU,Europe,81.06721263,18.93278737,0.089950672,0.599894165,0.233073332,0.005845957,0.279604485,1.074894865,0.06189512,0.119452335,0.131419813,0.385457636,82438639,45229.24529,12.40467811,11.08703408,0.24,2.5,1.3,1,6,2.2,3.7,81,90.747,98.82815,84,,83.37546732,100,99.2191241,100,100,3.723999977,84.39550077
Austria,AUT,Europe,81.07370341,18.92629659,0.089810004,0.063768519,0.024745344,0.001346417,0.029953427,0.114300097,0.061612538,0.144983445,0.152968207,0.088710472,8766201,45436.68582,10.22025491,9.525220788,0.52,2.5,2.58,0.7,4,2.2,3.6,81.9,92.156,,97.17982,,83.49043571,100,99.97337503,100,100,5.387000084,87.93558659
France,FRA,Europe,81.49339915,18.50660085,0.080714386,0.465767633,0.166119909,0.005673621,0.212520388,0.853785067,0.072514464,0.170602985,0.201284932,0.331190969,65480710,38605.6709,8.685473824,7.238773068,0.3,2.5,2.58,0.7,8,2.4,4.2,82.9,93.618,98.55767,98.28128,,84.35619652,100,98.65200403,100,100,8.812000275,80.5
Finland,FIN,Europe,82.82204663,17.17795337,0.051920024,0.036718418,0.009075604,0.000164001,0.015319341,0.07251343,0.068976711,0.108987235,0.144443046,0.070881156,5561389,40585.72103,13.59579184,10.08740802,0.11,2.5,2.58,0.7,3,1.8,2.3,81.4,92.485,99.05899,99.84802,,88.69316873,100,99.44792464,100,100,8.248999596,87.46892907
Sweden,SWE,Europe,84.99235057,15.00764943,0.004885338,0.057988711,0.001543666,0.001459839,0.020330739,0.131080078,0.059627525,0.201348814,0.265361959,0.111098432,10053135,46949.28309,7.359207792,5.490824504,0.62,2.5,2.58,0.7,4,1.7,2.8,82.4,94.605,99.35069,108.24568,,90.35103212,100,99.30353361,100,100,6.318999767,96.40964528
Denmark,DNK,Europe,85.21777289,14.78222711,0,0.032812398,0,0.000373049,0.011061816,0.075301566,0.059968268,0.118407614,0.170340576,0.072676436,5775224,46682.51472,12.51412572,8.553780771,0.28,2.5,2.58,0.7,6,3.1,4.3,81.2,91.847,98.69361,99.45043,,88.1441876,100,99.5972302,100,100,5.360000134,97.09936216
